SET SQL_MODE = "NO_AUTO_VALUE_ON_ZERO";
SET AUTOCOMMIT = 0;
START TRANSACTION;
SET time_zone = "+00:00";
--
-- Database: `library`
--
-- --------------------------------------------------------
--
-- Table structure for table `books`
--

CREATE TABLE `books` (
  `id` int(11) NOT NULL,
  `authors` varchar(255) COLLATE utf8_unicode_ci NOT NULL,
  `book_id` varchar(255) COLLATE utf8_unicode_ci NOT NULL,
  `description` varchar(255) COLLATE utf8_unicode_ci NOT NULL,
  `name` varchar(255) COLLATE utf8_unicode_ci NOT NULL
) ENGINE=InnoDB DEFAULT CHARSET=utf8 COLLATE=utf8_unicode_ci;

--
-- Table structure for table `hibernate_sequence`
--

CREATE TABLE `hibernate_sequence` (
  `next_val` bigint(20) DEFAULT NULL
) ENGINE=InnoDB DEFAULT CHARSET=utf8 COLLATE=utf8_unicode_ci;

--
-- Dumping data for table `hibernate_sequence`
--

INSERT INTO `hibernate_sequence` (`next_val`) VALUES
(3);

-- --------------------------------------------------------

--
-- Table structure for table `users`
--

CREATE TABLE `users` (
  `id` int(11) NOT NULL,
  `email` varchar(128) COLLATE utf8_unicode_ci NOT NULL,
  `encrypted_password` varchar(255) COLLATE utf8_unicode_ci NOT NULL,
  `first_name` varchar(50) COLLATE utf8_unicode_ci NOT NULL,
  `last_name` varchar(50) COLLATE utf8_unicode_ci NOT NULL,
  `user_id` varchar(255) COLLATE utf8_unicode_ci NOT NULL
) ENGINE=InnoDB DEFAULT CHARSET=utf8 COLLATE=utf8_unicode_ci;



CREATE TABLE `division` (
  `id` tinyint(3) UNSIGNED NOT NULL,
  `code` tinyint(3) UNSIGNED NOT NULL,
  `name` varchar(50) COLLATE utf8_unicode_ci NOT NULL,
  `status` tinyint(3) UNSIGNED NOT NULL DEFAULT '1'
) ENGINE=InnoDB DEFAULT CHARSET=utf8 COLLATE=utf8_unicode_ci;

--
-- Indexes for table `enroll_division`
--
ALTER TABLE `division`
  ADD PRIMARY KEY (`id`),
  ADD UNIQUE KEY `unq_key_region_code` (`code`);

-- --------------------------------------------------------

INSERT INTO `division` (`id`, `code`, `name`, `status`) VALUES
(10, 10, 'Barisal', 1),
(20, 20, 'Chittagong', 1),
(30, 30, 'Dhaka', 1),
(40, 40, 'Khulna', 1),
(45, 45, 'Mymensingh', 1),
(50, 50, 'Rajshahi', 1),
(55, 55, 'Rangpur', 1),
(60, 60, 'Sylhet', 1);



--
-- Table structure for table `enroll_district`
--

CREATE TABLE `district` (
  `id` tinyint(3) UNSIGNED NOT NULL,
  `code` tinyint(3) UNSIGNED NOT NULL,
  `division_code` tinyint(3) UNSIGNED NOT NULL,
  `name` varchar(140) COLLATE utf8_unicode_ci NOT NULL,
  `status` tinyint(3) UNSIGNED NOT NULL DEFAULT '1'
) ENGINE=InnoDB DEFAULT CHARSET=utf8 COLLATE=utf8_unicode_ci;

ALTER TABLE `district`
  ADD PRIMARY KEY (`id`),
  ADD UNIQUE KEY `unq_key_district_code` (`code`),
  ADD KEY `fk_district_division_code` (`division_code`);
  
  ALTER TABLE `district`
  ADD CONSTRAINT `fk_district_division_code` FOREIGN KEY (`division_code`) REFERENCES `division` (`code`);

  INSERT INTO `district` (`id`, `code`, `division_code`, `name`,`status`) VALUES
(1, 1, 40, 'Bagerhat', 1),
(3, 3, 20, 'Bandarban', 1),
(4, 4, 10, 'Barguna', 1),
(6, 6, 10, 'Barisal', 1),
(9, 9, 10, 'Bhola', 1),
(10, 10, 50, 'Bogra', 1),
(12, 12, 20, 'Brahmanbaria', 1),
(13, 13, 20, 'Chandpur', 1),
(15, 15, 20, 'Chittagong', 1),
(18, 18, 40, 'Chuadanga', 1),
(19, 19, 20, 'Comilla', 1),
(22, 22, 20, 'Coxs Bazar', 1),
(26, 26, 30, 'Dhaka', 1),
(27, 27, 55, 'Dinajpur', 1),
(29, 29, 30, 'Faridpur', 1),
(30, 30, 20, 'Feni', 1),
(32, 32, 55, 'Gaibandha', 1),
(33, 33, 30, 'Gazipur', 1),
(35, 35, 30, 'Gopalganj', 1),
(36, 36, 60, 'Habiganj', 1),
(38, 38, 50, 'Joypurhat', 1),
(39, 39, 45, 'Jamalpur', 1),
(41, 41, 40, 'Jessore', 1),
(42, 42, 10, 'Jhalokati', 1),
(44, 44, 40, 'Jhenaidah', 1),
(46, 46, 20, 'Khagrachhari', 1),
(47, 47, 40, 'Khulna', 1),
(48, 48, 30, 'Kishoreganj', 1),
(49, 49, 55, 'Kurigram', 1),
(50, 50, 40, 'Kushtia', 1),
(51, 51, 20, 'Lakshmipur', 1),
(52, 52, 55, 'Lalmonirhat', 1),
(54, 54, 30, 'Madaripur', 1),
(55, 55, 40, 'Magura', 1),
(56, 56, 30, 'Manikganj', 1),
(57, 57, 40, 'Meherpur', 1),
(58, 58, 60, 'Maulvibazar', 1),
(59, 59, 30, 'Munshiganj', 1),
(61, 61, 45, 'Mymensingh', 1),
(64, 64, 50, 'Naogaon', 1),
(65, 65, 40, 'Narail', 1),
(67, 67, 30, 'Narayanganj', 1),
(68, 68, 30, 'Narsingdi', 1),
(69, 69, 50, 'Natore', 1),
(70, 70, 50, 'Chapai Nawabganj', 1),
(72, 72, 45, 'Netrakona', 1),
(73, 73, 55, 'Nilphamari', 1),
(75, 75, 20, 'Noakhali', 1),
(76, 76, 50, 'Pabna', 1),
(77, 77, 55, 'Panchagarh', 1),
(78, 78, 10, 'Patuakhali', 1),
(79, 79, 10, 'Pirojpur', 1),
(81, 81, 50, 'Rajshahi', 1),
(82, 82, 30, 'Rajbari', 1),
(84, 84, 20, 'Rangamati', 1),
(85, 85, 55, 'Rangpur', 1),
(86, 86, 30, 'Shariatpur', 1),
(87, 87, 40, 'Satkhira', 1),
(88, 88, 50, 'Sirajganj', 1),
(89, 89, 45, 'Sherpur', 1),
(90, 90, 60, 'Sunamganj', 1),
(91, 91, 60, 'Sylhet', 1),
(93, 93, 30, 'Tangail', 1),
(94, 94, 55, 'Thakurgaon', 1);





CREATE TABLE `upazila` (
  `id` smallint(5) UNSIGNED NOT NULL,
  `code` tinyint(3) UNSIGNED NOT NULL,
  `division_code` tinyint(3) UNSIGNED NOT NULL,
  `district_code` tinyint(3) UNSIGNED NOT NULL,
  `name` varchar(200) COLLATE utf8_unicode_ci NOT NULL,
  `status` tinyint(3) UNSIGNED NOT NULL DEFAULT '1'
) ENGINE=InnoDB DEFAULT CHARSET=utf8 COLLATE=utf8_unicode_ci;

ALTER TABLE `upazila`
  ADD PRIMARY KEY (`id`),
  ADD KEY `fk_upazila_division_code` (`division_code`),
  ADD KEY `fk_upazila_district_code` (`district_code`);
  
ALTER TABLE `upazila`
  ADD CONSTRAINT `fk_upazila_district_code` FOREIGN KEY (`district_code`) REFERENCES `district` (`code`),
  ADD CONSTRAINT `fk_upazila_division_code` FOREIGN KEY (`division_code`) REFERENCES `division` (`code`);
  

INSERT INTO `upazila` (`id`,`code`, `division_code`, `district_code`, `name`,  `status`) VALUES
(108, 8, 40, 1, 'Bagerhat Sadar', 1),
(114, 14, 40, 1, 'Chitalmari', 1),
(134, 34, 40, 1, 'Fakirhat', 1),
(138, 38, 40, 1, 'Kachua', 1),
(156, 56, 40, 1, 'Mollahat 1', 1),
(158, 58, 40, 1, 'Mongla', 1),
(160, 60, 40, 1, 'Morrelganj', 1),
(173, 73, 40, 1, 'Rampal', 1),
(177, 77, 40, 1, 'Sarankhola', 1),
(304, 4, 20, 3, 'Alikadam', 1),
(314, 14, 20, 3, 'Bandarban Sadar', 1),
(351, 51, 20, 3, 'Lama', 1),
(373, 73, 20, 3, 'Naikhongchhari', 1),
(389, 89, 20, 3, 'Rowangchhari', 1),
(391, 91, 20, 3, 'Ruma', 1),
(395, 95, 20, 3, 'Thanchi', 1),
(409, 9, 10, 4, 'Amtali', 1),
(419, 19, 10, 4, 'Bamna', 1),
(428, 28, 10, 4, 'Barguna Sadar', 1),
(447, 47, 10, 4, 'Betagi', 1),
(485, 85, 10, 4, 'Patharghata', 1),
(602, 2, 10, 6, 'Agailjhara', 1),
(603, 3, 10, 6, 'Babuganj', 1),
(607, 7, 10, 6, 'Bakerganj', 1),
(610, 10, 10, 6, 'Banari Para', 1),
(632, 32, 10, 6, 'Gaurnadi', 1),
(636, 36, 10, 6, 'Hizla', 1),
(651, 51, 10, 6, 'Barisal Sadar', 1),
(662, 62, 10, 6, 'Mehendiganj', 1),
(669, 69, 10, 6, 'Muladi', 1),
(694, 94, 10, 6, 'Wazirpur', 1),
(918, 18, 10, 9, 'Bhola Sadar', 1),
(921, 21, 10, 9, 'Burhanuddin', 1),
(925, 25, 10, 9, 'Char Fasson', 1),
(929, 29, 10, 9, 'Daulat Khan', 1),
(954, 54, 10, 9, 'Lalmohan', 1),
(965, 65, 10, 9, 'Manpura', 1),
(991, 91, 10, 9, 'Tazumuddin', 1),
(1006, 6, 50, 10, 'Adamdighi', 1),
(1020, 20, 50, 10, 'Bogra Sadar', 1),
(1027, 27, 50, 10, 'Dhunat', 1),
(1033, 33, 50, 10, 'Dhupchanchia', 1),
(1040, 40, 50, 10, 'Gabtali', 1),
(1054, 54, 50, 10, 'Kahaloo', 1),
(1067, 67, 50, 10, 'Nandigram', 1),
(1081, 81, 50, 10, 'Sariakandi', 1),
(1085, 85, 50, 10, 'Shajahanpur', 1),
(1088, 88, 50, 10, 'Sherpur', 1),
(1094, 94, 50, 10, 'Shibganj', 1),
(1095, 95, 50, 10, 'Sonatola', 1),
(1202, 2, 20, 12, 'Akhaura', 1),
(1204, 4, 20, 12, 'Banchharampur', 1),
(1207, 7, 20, 12, 'Bijoynagar', 1),
(1213, 13, 20, 12, 'Brahmanbaria Sadar', 1),
(1233, 33, 20, 12, 'Ashuganj', 1),
(1263, 63, 20, 12, 'Kasba', 1),
(1285, 85, 20, 12, 'Nabinagar', 1),
(1290, 90, 20, 12, 'Nasirnagar', 1),
(1294, 94, 20, 12, 'Sarail', 1),
(1322, 22, 20, 13, 'Chandpur Sadar', 1),
(1345, 45, 20, 13, 'Faridganj', 1),
(1347, 47, 20, 13, 'Haim Char', 1),
(1349, 49, 20, 13, 'Hajiganj', 1),
(1358, 58, 20, 13, 'Kachua', 1),
(1376, 76, 20, 13, 'Matlab', 1),
(1379, 79, 20, 13, 'Matlab Uttar', 1),
(1395, 95, 20, 13, 'Shahrasti', 1),
(1504, 4, 20, 15, 'Anowara', 1),
(1506, 6, 20, 15, 'Bayejid Bostami Thana', 1),
(1508, 8, 20, 15, 'Banshkhali', 1),
(1510, 10, 20, 15, 'Bakalia Thana', 1),
(1512, 12, 20, 15, 'Boalkhali', 1),
(1518, 18, 20, 15, 'Chandanaish ', 1),
(1519, 19, 20, 15, 'Chandgaon Thana', 1),
(1520, 20, 20, 15, 'Chittagong Port Thana', 1),
(1528, 28, 20, 15, 'Double Mooring Thana', 1),
(1533, 33, 20, 15, 'Fatikchhari', 1),
(1535, 35, 20, 15, 'Halishahar Thana', 1),
(1537, 37, 20, 15, 'Hathazari', 1),
(1541, 41, 20, 15, 'Kotwali Thana', 1),
(1543, 43, 20, 15, 'Khulshi Thana', 1),
(1547, 47, 20, 15, 'Lohagara', 1),
(1553, 53, 20, 15, 'Mirsharai', 1),
(1555, 55, 20, 15, 'Pahartali Thana', 1),
(1557, 57, 20, 15, 'Panchlaish Thana', 1),
(1561, 61, 20, 15, 'Patiya', 1),
(1565, 65, 20, 15, 'Patenga Thana', 1),
(1570, 70, 20, 15, 'Rangunia', 1),
(1574, 74, 20, 15, 'Raozan', 1),
(1578, 78, 20, 15, 'Sandwip', 1),
(1582, 82, 20, 15, 'Satkania', 1),
(1586, 86, 20, 15, 'Sitakunda', 1),
(1807, 7, 40, 18, 'Alamdanga', 1),
(1823, 23, 40, 18, 'Chuadanga Sadar', 1),
(1831, 31, 40, 18, 'Damurhuda', 1),
(1855, 55, 40, 18, 'Jiban Nagar', 1),
(1909, 9, 20, 19, 'Barura', 1),
(1915, 15, 20, 19, 'Brahmanpara', 1),
(1918, 18, 20, 19, 'Burichang', 1),
(1927, 27, 20, 19, 'Chandina', 1),
(1931, 31, 20, 19, 'Chauddagram', 1),
(1933, 33, 20, 19, 'Comilla Sadar Dakshin', 1),
(1936, 36, 20, 19, 'Daudkandi', 1),
(1940, 40, 20, 19, 'Debidwar', 1),
(1954, 54, 20, 19, 'Homna', 1),
(1967, 67, 20, 19, 'Comilla Adarsha Sadar', 1),
(1972, 72, 20, 19, 'Laksam', 1),
(1974, 74, 20, 19, 'Manoharganj', 1),
(1975, 75, 20, 19, 'Meghna', 1),
(1981, 81, 20, 19, 'Muradnagar', 1),
(1987, 87, 20, 19, 'Nangalkot', 1),
(1994, 94, 20, 19, 'Titas', 1),
(2216, 16, 20, 22, 'Chakoria', 1),
(2224, 24, 20, 22, 'Coxs Bazar Sadar', 1),
(2245, 45, 20, 22, 'Kutubdia', 1),
(2249, 49, 20, 22, 'Maheshkhali', 1),
(2256, 56, 20, 22, 'Pekua', 1),
(2266, 66, 20, 22, 'Ramu', 1),
(2290, 90, 20, 22, 'Teknaf', 1),
(2294, 94, 20, 22, 'Ukhia', 1),
(2602, 2, 30, 26, 'Adabor Thana', 1),
(2604, 4, 30, 26, 'Badda Thana', 1),
(2605, 5, 30, 26, 'Bangshal Thana', 1),
(2606, 6, 30, 26, 'Biman Bandar Thana', 1),
(2608, 8, 30, 26, 'Cantonment Thana', 1),
(2609, 9, 30, 26, 'Chak Bazar Thana', 1),
(2610, 10, 30, 26, 'Dakshinkhan Thana', 1),
(2611, 11, 30, 26, 'Darus Salam Thana', 1),
(2612, 12, 30, 26, 'Demra Thana', 1),
(2614, 14, 30, 26, 'Dhamrai', 1),
(2616, 16, 30, 26, 'Dhanmondi Thana', 1),
(2618, 18, 30, 26, 'Dohar', 1),
(2624, 24, 30, 26, 'Gendaria Thana', 1),
(2626, 26, 30, 26, 'Gulshan Thana', 1),
(2628, 28, 30, 26, 'Hazaribagh Thana', 1),
(2629, 29, 30, 26, 'Jatrabari Thana', 1),
(2630, 30, 30, 26, 'Kafrul Thana', 1),
(2632, 32, 30, 26, 'Kadamtali Thana', 1),
(2633, 33, 30, 26, 'Kalabagan Thana', 1),
(2634, 34, 30, 26, 'Kamrangir Char Thana', 1),
(2636, 36, 30, 26, 'Khilgaon Thana', 1),
(2637, 37, 30, 26, 'Khilkhet Thana', 1),
(2638, 38, 30, 26, 'Keraniganj', 1),
(2640, 40, 30, 26, 'Kotwali Thana', 1),
(2642, 42, 30, 26, 'Lalbagh Thana', 1),
(2648, 48, 30, 26, 'Mirpur Thana', 1),
(2650, 50, 30, 26, 'Mohammadpur Thana', 1),
(2654, 54, 30, 26, 'Motijheel Thana', 1),
(2662, 62, 30, 26, 'Nawabganj', 1),
(2663, 63, 30, 26, 'New Market Thana', 1),
(2664, 64, 30, 26, 'Pallabi Thana', 1),
(2665, 65, 30, 26, 'Paltan Thana', 1),
(2666, 66, 30, 26, 'Ramna Thana', 1),
(2667, 67, 30, 26, 'Rampura Thana', 1),
(2668, 68, 30, 26, 'Sabujbagh Thana', 1),
(2672, 72, 30, 26, 'Savar', 1),
(2674, 74, 30, 26, 'Shah Ali Thana', 1),
(2675, 75, 30, 26, 'Shahbagh Thana', 1),
(2676, 76, 30, 26, 'Shyampur Thana', 1),
(2680, 80, 30, 26, 'Sher-E-Bangla Nagar Thana', 1),
(2688, 88, 30, 26, 'Sutrapur Thana', 1),
(2690, 90, 30, 26, 'Tejgaon Thana', 1),
(2692, 92, 30, 26, 'Tejgaon Ind. Area Thana', 1),
(2693, 93, 30, 26, 'Turag Thana', 1),
(2695, 95, 30, 26, 'Uttara Thana', 1),
(2696, 96, 30, 26, 'Uttar Khan Thana', 1),
(2710, 10, 55, 27, 'Birampur', 1),
(2712, 12, 55, 27, 'Birganj', 1),
(2717, 17, 55, 27, 'Biral', 1),
(2721, 21, 55, 27, 'Bochaganj', 1),
(2730, 30, 55, 27, 'Chirirbandar', 1),
(2738, 38, 55, 27, 'Fulbari', 1),
(2743, 43, 55, 27, 'Ghoraghat', 1),
(2747, 47, 55, 27, 'Hakimpur', 1),
(2756, 56, 55, 27, 'Kaharole', 1),
(2760, 60, 55, 27, 'Khansama', 1),
(2764, 64, 55, 27, 'Dinajpur Sadar', 1),
(2769, 69, 55, 27, 'Nawabganj', 1),
(2777, 77, 55, 27, 'Parbatipur', 1),
(2903, 3, 30, 29, 'Alfadanga', 1),
(2910, 10, 30, 29, 'Bhanga', 1),
(2918, 18, 30, 29, 'Boalmari', 1),
(2921, 21, 30, 29, 'Char Bhadrasan', 1),
(2947, 47, 30, 29, 'Faridpur Sadar', 1),
(2956, 56, 30, 29, 'Madhukhali', 1),
(2962, 62, 30, 29, 'Nagarkanda', 1),
(2984, 84, 30, 29, 'Sadarpur', 1),
(2990, 90, 30, 29, 'Saltha', 1),
(3014, 14, 20, 30, 'Chhagalnaiya', 1),
(3025, 25, 20, 30, 'Daganbhuiyan', 1),
(3029, 29, 20, 30, 'Feni Sadar', 1),
(3041, 41, 20, 30, 'Fulgazi', 1),
(3051, 51, 20, 30, 'Parshuram', 1),
(3094, 94, 20, 30, 'Sonagazi', 1),
(3221, 21, 55, 32, 'Fulchhari', 1),
(3224, 24, 55, 32, 'Gaibandha Sadar', 1),
(3230, 30, 55, 32, 'Gobindaganj', 1),
(3267, 67, 55, 32, 'Palashbari', 1),
(3282, 82, 55, 32, 'Sadullapur', 1),
(3288, 88, 55, 32, 'Saghata', 1),
(3291, 91, 55, 32, 'Sundarganj', 1),
(3330, 30, 30, 33, 'Gazipur Sadar', 1),
(3332, 32, 30, 33, 'Kaliakair', 1),
(3334, 34, 30, 33, 'Kaliganj', 1),
(3336, 36, 30, 33, 'Kapasia', 1),
(3386, 86, 30, 33, 'Sreepur', 1),
(3532, 32, 30, 35, 'Gopalganj Sadar', 1),
(3543, 43, 30, 35, 'Kashiani', 1),
(3551, 51, 30, 35, 'Kotalipara', 1),
(3558, 58, 30, 35, 'Muksudpur', 1),
(3591, 91, 30, 35, 'Tungipara', 1),
(3602, 2, 60, 36, 'Ajmiriganj', 1),
(3605, 5, 60, 36, 'Bahubal', 1),
(3611, 11, 60, 36, 'Baniachong', 1),
(3626, 26, 60, 36, 'Chunarughat', 1),
(3644, 44, 60, 36, 'Habiganj Sadar', 1),
(3668, 68, 60, 36, 'Lakhai', 1),
(3671, 71, 60, 36, 'Madhabpur', 1),
(3677, 77, 60, 36, 'Nabiganj', 1),
(3813, 13, 50, 38, 'Akkelpur', 1),
(3847, 47, 50, 38, 'Joypurhat Sadar', 1),
(3858, 58, 50, 38, 'Kalai', 1),
(3861, 61, 50, 38, 'Khetlal', 1),
(3874, 74, 50, 38, 'Panchbibi', 1),
(3907, 7, 45, 39, 'Bakshiganj', 1),
(3915, 15, 45, 39, 'Dewanganj', 1),
(3929, 29, 45, 39, 'Islampur', 1),
(3936, 36, 45, 39, 'Jamalpur Sadar', 1),
(3958, 58, 45, 39, 'Madarganj', 1),
(3961, 61, 45, 39, 'Melandaha', 1),
(3985, 85, 45, 39, 'Sarishabari', 1),
(4104, 4, 40, 41, 'Abhaynagar', 1),
(4109, 9, 40, 41, 'Bagherpara', 1),
(4111, 11, 40, 41, 'Chaugachha', 1),
(4123, 23, 40, 41, 'Jhikargachha', 1),
(4138, 38, 40, 41, 'Keshabpur', 1),
(4147, 47, 40, 41, 'Jessore Sadar', 1),
(4161, 61, 40, 41, 'Manirampur', 1),
(4190, 90, 40, 41, 'Sharsha', 1),
(4240, 40, 10, 42, 'Jhalokati Sadar', 1),
(4243, 43, 10, 42, 'Kanthalia', 1),
(4273, 73, 10, 42, 'Nalchity', 1),
(4284, 84, 10, 42, 'Rajapur', 1),
(4414, 14, 40, 44, 'Harinakundu', 1),
(4419, 19, 40, 44, 'Jhenaidah Sadar', 1),
(4433, 33, 40, 44, 'Kaliganj', 1),
(4442, 42, 40, 44, 'Kotchandpur', 1),
(4471, 71, 40, 44, 'Maheshpur', 1),
(4480, 80, 40, 44, 'Shailkupa', 1),
(4643, 43, 20, 46, 'Dighinala', 1),
(4649, 49, 20, 46, 'Khagrachhari Sadar', 1),
(4661, 61, 20, 46, 'Lakshmichhari', 1),
(4665, 65, 20, 46, 'Mahalchhari', 1),
(4667, 67, 20, 46, 'Manikchhari', 1),
(4670, 70, 20, 46, 'Matiranga', 1),
(4677, 77, 20, 46, 'Panchhari', 1),
(4680, 80, 20, 46, 'Ramgarh', 1),
(4712, 12, 40, 47, 'Batiaghata', 1),
(4717, 17, 40, 47, 'Dacope', 1),
(4721, 21, 40, 47, 'Daulatpur Thana', 1),
(4730, 30, 40, 47, 'Dumuria', 1),
(4740, 40, 40, 47, 'Dighalia', 1),
(4745, 45, 40, 47, 'Khalishpur Thana', 1),
(4748, 48, 40, 47, 'Khan Jahan Ali Thana', 1),
(4751, 51, 40, 47, 'Khulna Sadar Thana', 1),
(4753, 53, 40, 47, 'Koyra', 1),
(4764, 64, 40, 47, 'Paikgachha', 1),
(4769, 69, 40, 47, 'Phultala', 1),
(4775, 75, 40, 47, 'Rupsa', 1),
(4785, 85, 40, 47, 'Sonadanga Thana', 1),
(4794, 94, 40, 47, 'Terokhada', 1),
(4802, 2, 30, 48, 'Austagram', 1),
(4806, 6, 30, 48, 'Bajitpur', 1),
(4811, 11, 30, 48, 'Bhairab', 1),
(4827, 27, 30, 48, 'Hossainpur', 1),
(4833, 33, 30, 48, 'Itna', 1),
(4842, 42, 30, 48, 'Karimganj', 1),
(4845, 45, 30, 48, 'Katiadi', 1),
(4849, 49, 30, 48, 'Kishoreganj Sadar', 1),
(4854, 54, 30, 48, 'Kuliar Char', 1),
(4859, 59, 30, 48, 'Mithamain', 1),
(4876, 76, 30, 48, 'Nikli', 1),
(4879, 79, 30, 48, 'Pakundia', 1),
(4892, 92, 30, 48, 'Tarail', 1),
(4906, 6, 55, 49, 'Bhurungamari', 1),
(4908, 8, 55, 49, 'Char Rajibpur', 1),
(4909, 9, 55, 49, 'Chilmari', 1),
(4918, 18, 55, 49, 'Phulbari Sadar', 1),
(4952, 52, 55, 49, 'Kurigram Sadar', 1),
(4961, 61, 55, 49, 'Nageshwari', 1),
(4977, 77, 55, 49, 'Rajarhat', 1),
(4979, 79, 55, 49, 'Raumari', 1),
(4994, 94, 55, 49, 'Ulipur', 1),
(5015, 15, 40, 50, 'Bheramara', 1),
(5039, 39, 40, 50, 'Daulatpur', 1),
(5063, 63, 40, 50, 'Khoksa', 1),
(5071, 71, 40, 50, 'Kumarkhali', 1),
(5079, 79, 40, 50, 'Kushtia Sadar', 1),
(5094, 94, 40, 50, 'Mirpur', 1),
(5133, 33, 20, 51, 'Kamalnagar', 1),
(5143, 43, 20, 51, 'Lakshmipur Sadar', 1),
(5158, 58, 20, 51, 'Roypur', 1),
(5165, 65, 20, 51, 'Ramganj', 1),
(5173, 73, 20, 51, 'Ramgati', 1),
(5202, 2, 55, 52, 'Aditmari', 1),
(5233, 33, 55, 52, 'Hatibandha', 1),
(5239, 39, 55, 52, 'Kaligang', 1),
(5255, 55, 55, 52, 'Lalmonirhat Sadar', 1),
(5270, 70, 55, 52, 'Patgram', 1),
(5440, 40, 30, 54, 'Kalkini', 1),
(5454, 54, 30, 54, 'Madaripur Sadar', 1),
(5480, 80, 30, 54, 'Rajoir', 1),
(5487, 87, 30, 54, 'Shib Char', 1),
(5557, 57, 40, 55, 'Magura Sadar', 1),
(5566, 66, 40, 55, 'Mohammadpur', 1),
(5585, 85, 40, 55, 'Shalikha', 1),
(5595, 95, 40, 55, 'Sreepur', 1),
(5610, 10, 30, 56, 'Daulatpur', 1),
(5622, 22, 30, 56, 'Ghior', 1),
(5628, 28, 30, 56, 'Harirampur', 1),
(5646, 46, 30, 56, 'Manikganj Sadar', 1),
(5670, 70, 30, 56, 'Saturia', 1),
(5678, 78, 30, 56, 'Shibalaya', 1),
(5682, 82, 30, 56, 'Singair', 1),
(5747, 47, 40, 57, 'Gangni', 1),
(5760, 60, 40, 57, 'Mujib Nagar', 1),
(5787, 87, 40, 57, 'Meherpur Sadar', 1),
(5814, 14, 60, 58, 'Barlekha', 1),
(5835, 35, 60, 58, 'Juri', 1),
(5856, 56, 60, 58, 'Kamalganj', 1),
(5865, 65, 60, 58, 'Kulaura', 1),
(5874, 74, 60, 58, 'Maulvibazar Sadar', 1),
(5880, 80, 60, 58, 'Rajnagar', 1),
(5883, 83, 60, 58, 'Sreemangal', 1),
(5924, 24, 30, 59, 'Gazaria', 1),
(5944, 44, 30, 59, 'Lohajang', 1),
(5956, 56, 30, 59, 'Munshiganj Sadar', 1),
(5974, 74, 30, 59, 'Serajdikhan', 1),
(5984, 84, 30, 59, 'Sreenagar', 1),
(5994, 94, 30, 59, 'Tongibari', 1),
(6113, 13, 45, 61, 'Bhaluka', 1),
(6116, 16, 45, 61, 'Dhobaura', 1),
(6120, 20, 45, 61, 'Fulbaria', 1),
(6122, 22, 45, 61, 'Gaffargaon', 1),
(6123, 23, 45, 61, 'Gauripur', 1),
(6124, 24, 45, 61, 'Haluaghat', 1),
(6131, 31, 45, 61, 'Ishwarganj', 1),
(6152, 52, 45, 61, 'Mymensingh Sadar', 1),
(6165, 65, 45, 61, 'Muktagachha', 1),
(6172, 72, 45, 61, 'Nandail', 1),
(6181, 81, 45, 61, 'Phulpur', 1),
(6194, 94, 45, 61, 'Trishal', 1),
(6403, 3, 50, 64, 'Atrai', 1),
(6406, 6, 50, 64, 'Badalgachhi', 1),
(6428, 28, 50, 64, 'Dhamoirhat', 1),
(6447, 47, 50, 64, 'Manda', 1),
(6450, 50, 50, 64, 'Mahadebpur', 1),
(6460, 60, 50, 64, 'Naogaon Sadar', 1),
(6469, 69, 50, 64, 'Niamatpur', 1),
(6475, 75, 50, 64, 'Patnitala', 1),
(6479, 79, 50, 64, 'Porsha', 1),
(6485, 85, 50, 64, 'Raninagar', 1),
(6486, 86, 50, 64, 'Sapahar', 1),
(6528, 28, 40, 65, 'Kalia', 1),
(6552, 52, 40, 65, 'Lohagara', 1),
(6576, 76, 40, 65, 'Narail Sadar', 1),
(6702, 2, 30, 67, 'Araihazar', 1),
(6704, 4, 30, 67, 'Sonargaon', 1),
(6706, 6, 30, 67, 'Bandar', 1),
(6758, 58, 30, 67, 'Narayanganj Sadar', 1),
(6768, 68, 30, 67, 'Rupganj', 1),
(6807, 7, 30, 68, 'Belabo', 1),
(6852, 52, 30, 68, 'Manohardi', 1),
(6860, 60, 30, 68, 'Narsingdi Sadar', 1),
(6863, 63, 30, 68, 'Palash', 1),
(6864, 64, 30, 68, 'Roypura', 1),
(6876, 76, 30, 68, 'Shibpur', 1),
(6909, 9, 50, 69, 'Bagatipara', 1),
(6915, 15, 50, 69, 'Baraigram', 1),
(6941, 41, 50, 69, 'Gurudaspur', 1),
(6944, 44, 50, 69, 'Lalpur', 1),
(6963, 63, 50, 69, 'Natore Sadar', 1),
(6991, 91, 50, 69, 'Singra', 1),
(7018, 18, 50, 70, 'Bholahat', 1),
(7037, 37, 50, 70, 'Gomastapur', 1),
(7056, 56, 50, 70, 'Nachole', 1),
(7066, 66, 50, 70, 'Chapai Nawabganj Sadar', 1),
(7088, 88, 50, 70, 'Shibganj', 1),
(7204, 4, 45, 72, 'Atpara', 1),
(7209, 9, 45, 72, 'Barhatta', 1),
(7218, 18, 45, 72, 'Durgapur', 1),
(7238, 38, 45, 72, 'Khaliajuri', 1),
(7240, 40, 45, 72, 'Kalmakanda', 1),
(7247, 47, 45, 72, 'Kendua', 1),
(7256, 56, 45, 72, 'Madan', 1),
(7263, 63, 45, 72, 'Mohanganj', 1),
(7274, 74, 45, 72, 'Netrokona Sadar', 1),
(7283, 83, 45, 72, 'Purbadhala', 1),
(7312, 12, 55, 73, 'Dimla', 1),
(7315, 15, 55, 73, 'Domar', 1),
(7336, 36, 55, 73, 'Jaldhaka', 1),
(7345, 45, 55, 73, 'Kishoreganj', 1),
(7364, 64, 55, 73, 'Nilphamari Sadar', 1),
(7385, 85, 55, 73, 'Saidpur', 1),
(7507, 7, 20, 75, 'Begumganj', 1),
(7510, 10, 20, 75, 'Chatkhil', 1),
(7521, 21, 20, 75, 'Companiganj', 1),
(7536, 36, 20, 75, 'Hatiya', 1),
(7547, 47, 20, 75, 'Kabirhat', 1),
(7580, 80, 20, 75, 'Senbagh', 1),
(7583, 83, 20, 75, 'Sonaimuri', 1),
(7585, 85, 20, 75, 'Subarnachar', 1),
(7587, 87, 20, 75, 'Noakhali Sadar', 1),
(7605, 5, 50, 76, 'Atgharia', 1),
(7616, 16, 50, 76, 'Bera', 1),
(7619, 19, 50, 76, 'Bhangura', 1),
(7622, 22, 50, 76, 'Chatmohar', 1),
(7633, 33, 50, 76, 'Faridpur', 1),
(7639, 39, 50, 76, 'Ishwardi', 1),
(7655, 55, 50, 76, 'Pabna Sadar', 1),
(7672, 72, 50, 76, 'Santhia', 1),
(7683, 83, 50, 76, 'Sujanagar', 1),
(7704, 4, 55, 77, 'Atwari', 1),
(7725, 25, 55, 77, 'Boda', 1),
(7734, 34, 55, 77, 'Debiganj', 1),
(7773, 73, 55, 77, 'Panchagarh Sadar', 1),
(7790, 90, 55, 77, 'Tentulia', 1),
(7838, 38, 10, 78, 'Bauphal', 1),
(7852, 52, 10, 78, 'Dashmina', 1),
(7855, 55, 10, 78, 'Dumki', 1),
(7857, 57, 10, 78, 'Galachipa', 1),
(7866, 66, 10, 78, 'Kala Para', 1),
(7876, 76, 10, 78, 'Mirzaganj', 1),
(7895, 95, 10, 78, 'Patuakhali Sadar', 1),
(7914, 14, 10, 79, 'Bhandaria', 1),
(7947, 47, 10, 79, 'Kawkhali', 1),
(7958, 58, 10, 79, 'Mathbaria', 1),
(7976, 76, 10, 79, 'Nazirpur', 1),
(7980, 80, 10, 79, 'Pirojpur Sadar', 1),
(7987, 87, 10, 79, 'Nesarabad', 1),
(7990, 90, 10, 79, 'Zianagar', 1),
(8110, 10, 50, 81, 'Bagha', 1),
(8112, 12, 50, 81, 'Baghmara', 1),
(8122, 22, 50, 81, 'Boalia Thana', 1),
(8125, 25, 50, 81, 'Charghat', 1),
(8131, 31, 50, 81, 'Durgapur', 1),
(8134, 34, 50, 81, 'Godagari', 1),
(8140, 40, 50, 81, 'Matihar Thana', 1),
(8153, 53, 50, 81, 'Mohanpur', 1),
(8172, 72, 50, 81, 'Paba', 1),
(8182, 82, 50, 81, 'Puthia', 1),
(8185, 85, 50, 81, 'Rajpara Thana', 1),
(8190, 90, 50, 81, 'Shah Makhdum Thana', 1),
(8194, 94, 50, 81, 'Tanore', 1),
(8207, 7, 30, 82, 'Baliakandi', 1),
(8229, 29, 30, 82, 'Goalanda', 1),
(8247, 47, 30, 82, 'Kalukhali', 1),
(8273, 73, 30, 82, 'Pangsha', 1),
(8276, 76, 30, 82, 'Rajbari Sadar', 1),
(8407, 7, 20, 84, 'Baghaichhari', 1),
(8421, 21, 20, 84, 'Barkal', 1),
(8425, 25, 20, 84, 'Kawkhali', 1),
(8429, 29, 20, 84, 'Belai Chhari', 1),
(8436, 36, 20, 84, 'Kaptai ', 1),
(8447, 47, 20, 84, 'Jurai Chhari', 1),
(8458, 58, 20, 84, 'Langadu ', 1),
(8475, 75, 20, 84, 'Naniarchar ', 1),
(8478, 78, 20, 84, 'Rajasthali ', 1),
(8487, 87, 20, 84, 'Rangamati Sadar', 1),
(8503, 3, 55, 85, 'Badarganj', 1),
(8527, 27, 55, 85, 'Gangachara', 1),
(8542, 42, 55, 85, 'Kaunia', 1),
(8549, 49, 55, 85, 'Rangpur Sadar', 1),
(8558, 58, 55, 85, 'Mithapukur', 1),
(8573, 73, 55, 85, 'Pirgachha', 1),
(8576, 76, 55, 85, 'Pirganj', 1),
(8592, 92, 55, 85, 'Taraganj', 1),
(8614, 14, 30, 86, 'Bhedarganj', 1),
(8625, 25, 30, 86, 'Damudya', 1),
(8636, 36, 30, 86, 'Gosairhat', 1),
(8665, 65, 30, 86, 'Naria', 1),
(8669, 69, 30, 86, 'Shariatpur Sadar', 1),
(8694, 94, 30, 86, 'Zanjira', 1),
(8704, 4, 40, 87, 'Assasuni', 1),
(8725, 25, 40, 87, 'Debhata', 1),
(8743, 43, 40, 87, 'Kalaroa', 1),
(8747, 47, 40, 87, 'Kaliganj', 1),
(8782, 82, 40, 87, 'Satkhira Sadar', 1),
(8786, 86, 40, 87, 'Shyamnagar', 1),
(8790, 90, 40, 87, 'Tala', 1),
(8811, 11, 50, 88, 'Belkuchi', 1),
(8827, 27, 50, 88, 'Chauhali', 1),
(8844, 44, 50, 88, 'Kamarkhanda', 1),
(8850, 50, 50, 88, 'Kazipur', 1),
(8861, 61, 50, 88, 'Royganj', 1),
(8867, 67, 50, 88, 'Shahjadpur', 1),
(8878, 78, 50, 88, 'Sirajganj Sadar', 1),
(8889, 89, 50, 88, 'Tarash', 1),
(8894, 94, 50, 88, 'Ullah Para', 1),
(8937, 37, 45, 89, 'Jhenaigati', 1),
(8967, 67, 45, 89, 'Nakla', 1),
(8970, 70, 45, 89, 'Nalitabari', 1),
(8988, 88, 45, 89, 'Sherpur Sadar', 1),
(8990, 90, 45, 89, 'Sreebardi', 1),
(9018, 18, 60, 90, 'Bishwambarpur', 1),
(9023, 23, 60, 90, 'Chhatak', 1),
(9027, 27, 60, 90, 'Dakshin Sunamganj', 1),
(9029, 29, 60, 90, 'Derai', 1),
(9032, 32, 60, 90, 'Dharampasha', 1),
(9033, 33, 60, 90, 'Dowarabazar', 1),
(9047, 47, 60, 90, 'Jagannathpur', 1),
(9050, 50, 60, 90, 'Jamalganj', 1),
(9086, 86, 60, 90, 'Sulla', 1),
(9089, 89, 60, 90, 'Sunamganj Sadar', 1),
(9092, 92, 60, 90, 'Tahirpur', 1),
(9108, 8, 60, 91, 'Balaganj', 1),
(9117, 17, 60, 91, 'Beani Bazar', 1),
(9120, 20, 60, 91, 'Bishwanath', 1),
(9127, 27, 60, 91, 'Companiganj', 1),
(9131, 31, 60, 91, 'Dakshin Surma', 1),
(9135, 35, 60, 91, 'Fenchuganj', 1),
(9138, 38, 60, 91, 'Golapganj', 1),
(9141, 41, 60, 91, 'Gowainghat', 1),
(9153, 53, 60, 91, 'Jaintiapur', 1),
(9159, 59, 60, 91, 'Kanaighat', 1),
(9162, 62, 60, 91, 'Sylhet Sadar', 1),
(9194, 94, 60, 91, 'Zakiganj', 1),
(9309, 9, 30, 93, 'Basail', 1),
(9319, 19, 30, 93, 'Bhuapur', 1),
(9323, 23, 30, 93, 'Delduar', 1),
(9325, 25, 30, 93, 'Dhanbari', 1),
(9328, 28, 30, 93, 'Ghatail', 1),
(9338, 38, 30, 93, 'Gopalpur', 1),
(9347, 47, 30, 93, 'Kalihati', 1),
(9357, 57, 30, 93, 'Madhupur', 1),
(9366, 66, 30, 93, 'Mirzapur', 1),
(9376, 76, 30, 93, 'Nagarpur', 1),
(9385, 85, 30, 93, 'Sakhipur', 1),
(9395, 95, 30, 93, 'Tangail Sadar', 1),
(9408, 8, 55, 94, 'Baliadangi', 1),
(9451, 51, 55, 94, 'Haripur', 1),
(9482, 82, 55, 94, 'Pirganj', 1),
(9486, 86, 55, 94, 'Ranisankail', 1),
(9494, 94, 55, 94, 'Thakurgaon Sadar', 1);


CREATE TABLE `nationality` (
  `id` tinyint(3) UNSIGNED NOT NULL,
  `name` varchar(100) COLLATE utf8_unicode_ci NOT NULL,
  `nationality` varchar(100) COLLATE utf8_unicode_ci NOT NULL,
  `country_icao_code` varchar(5) COLLATE utf8_unicode_ci NOT NULL,
  `status` tinyint(3) UNSIGNED NOT NULL
) ENGINE=InnoDB DEFAULT CHARSET=utf8 COLLATE=utf8_unicode_ci;



ALTER TABLE `books`
  ADD PRIMARY KEY (`id`);

--
-- Indexes for table `users`
--
ALTER TABLE `users`
  ADD PRIMARY KEY (`id`),
  ADD UNIQUE KEY `UK_6dotkott2kjsp8vw4d0m25fb7` (`email`);
COMMIT;

